Designator,Val,Package,Mid X,Mid Y,Rotation,Layer
C1,100nF,C0603,72.931,-53.6585,-90.0,top
C10,2.2uF,C_0805_2012Metric,86.074576,-73.7435,90.0,top
C11,10uF,C_0805_2012Metric,88.043682,-73.757,90.0,top
C12,10nF,C0603,87.362,-76.2435,180.0,top
C13,2.2uF,C_0805_2012Metric,96.303,-73.63,90.0,top
C14,10uF,C_0805_2012Metric,98.303,-73.65,90.0,top
C15,10nF,C0603,97.621318,-76.1605,180.0,top
C16,2.2uF,C_0805_2012Metric,106.077636,-73.67,90.0,top
C17,10uF,C_0805_2012Metric,108.090318,-73.69,90.0,top
C18,10nF,C0603,107.395954,-76.1775,180.0,top
C19,10uF,C_0805_2012Metric,121.69447,-55.92,180.0,top
C2,20pF,C0603,93.0245,-56.491,90.0,top
C20,10uF,C_0805_2012Metric,124.39447,-53.24,90.0,top
C21,100nF,C0603,118.711,-54.3585,-90.0,top
C22,10uF,C_0805_2012Metric,92.3615,-63.57675,180.0,bottom
C23,100nF,C0603,92.353,-61.81822,180.0,bottom
C24,100nF,C0603,109.511,-50.7755,180.0,top
C25,100nF,C0603,103.253,-50.7925,180.0,top
C26,100nF,C0603,95.912,-51.9095,0.0,top
C27,100nF,C0603,88.553,-53.5265,180.0,top
C28,100nF,C0603,84.453,-51.6435,90.0,top
C29,100nF,C0603,81.553,-53.4605,180.0,top
C3,20pF,C0603,98.8075,-56.491,-90.0,top
C30,100nF,C0603,78.606,-52.8775,90.0,top
C31,100nF,C0603,87.553,-68.7945,180.0,top
C32,100nF,C0603,97.875,-60.2585,0.0,top
C33,100nF,C0603,96.975,-69.751,-90.0,top
C4,100nF,C0603,127.131,-57.6095,90.0,top
C5,2.2uF,C_0805_2012Metric,75.680894,-73.872,90.0,top
C6,10uF,C_0805_2012Metric,77.711788,-73.882,90.0,top
C7,10nF,C0603,77.012,-76.3785,180.0,top
C8,10uF,C_0805_2012Metric,116.725364,-56.68,-90.0,top
C9,10uF,C_0805_2012Metric,111.225364,-56.7,-90.0,top
J1,USB_C_Receptacle_USB2.0_16P,USB_C_Receptacle_G-Switch_GT-USB-7010ASV,123.36,-64.625,90.0,top
J2,Conn_02x02_Odd_Even,PinSocket_2x02_P2.54mm_Vertical,113.905,-64.725,180.0,top
J6,VM,PinSocket_1x01_P2.54mm_Vertical,126.045,-78.58,0.0,top
J7,GND,PinSocket_1x01_P2.54mm_Vertical,125.945,-88.17,0.0,top
J8,Conn_01x03,PinSocket_1x03_P2.54mm_Vertical,115.595,-76.09,180.0,top
L1,3.3R,L_0603_1608Metric,92.2715,-65.41122,0.0,bottom
R1,10k,R0603,72.975,-61.6925,90.0,top
R10,0.1R,R0603,89.740682,-86.546,0.0,top
R11,5.1k,R0603,93.7,-83.5595,90.0,top
R12,0.1R,R0603,94.0,-86.5935,180.0,top
R13,0.1R,R0603,100.0,-86.5765,0.0,top
R14,5.1k,R0603,103.761954,-83.5605,90.0,top
R15,0.1R,R0603,104.561954,-86.5775,180.0,top
R16,0.1R,R0603,110.661954,-86.5945,0.0,top
R17,1k,R0603,117.911,-51.8925,0.0,top
R18,1k,R0603,111.611,-52.3095,0.0,top
R19,1k,R0603,105.422,-52.3265,0.0,top
R2,5.1k,R0603,124.175,-57.6265,90.0,top
R20,1k,R0603,99.211,-51.9435,0.0,top
R21,1k,R0603,76.111,-51.9605,180.0,top
R22,1k,R0603,81.511,-51.9775,180.0,top
R23,1k,R0603,86.911,-51.9945,0.0,top
R24,1k,R0603,90.364,-51.955,0.0,top
R3,5.1k,R0603,121.775,-58.5095,180.0,top
R4,1M,R0603,125.675,-57.6435,90.0,top
R5,0.1R,R0603,73.6,-86.4955,180.0,top
R6,0.1R,R0603,79.6,-86.5125,0.0,top
R7,5.1k,R0603,73.425,-83.6465,90.0,top
R8,5.1k,R0603,83.540682,-83.612,90.0,top
R9,0.1R,R0603,83.740682,-86.529,180.0,top
SW1,BOOT,小龟轻触开关3_4_22.0MM,70.525,-60.645,90.0,top
SW2,RESET,小龟轻触开关3_4_22.0MM,70.525,-54.765,90.0,top
U1,DRV8833PWP,HTSSOP-16-1EP_4.4x5mm_P0.65mm_EP3.4x5mm_Mask2.46x2.31mm_ThermalVias,76.95,-81.382,0.0,top
U10,MOTOR6,CONN-SMD_2P-P1.00_MEGASTAR_ZX-SH1.0-2PLT,99.565318,-89.93,180.0,top
U11,DRV8833PWP,HTSSOP-16-1EP_4.4x5mm_P0.65mm_EP3.4x5mm_Mask2.46x2.31mm_ThermalVias,97.190318,-81.33,0.0,top
U12,MOTOR7,CONN-SMD_2P-P1.00_MEGASTAR_ZX-SH1.0-2PLT,105.129954,-89.93,180.0,top
U13,MOTOR8,CONN-SMD_2P-P1.00_MEGASTAR_ZX-SH1.0-2PLT,110.229954,-89.93,180.0,top
U14,POT1,CONN-SMD_3P-P1.00_HDGC_HDGC1002WV-S-3P,118.813571,-48.775,180.0,top
U15,DRV8833PWP,HTSSOP-16-1EP_4.4x5mm_P0.65mm_EP3.4x5mm_Mask2.46x2.31mm_ThermalVias,107.264954,-81.33,0.0,top
U16,ME6210A33M3G,SOT-23,121.47,-53.235,90.0,top
U17,POT2,CONN-SMD_3P-P1.00_HDGC_HDGC1002WV-S-3P,112.583775,-48.775,180.0,top
U18,POT3,CONN-SMD_3P-P1.00_HDGC_HDGC1002WV-S-3P,106.353979,-48.775,180.0,top
U19,POT4,CONN-SMD_3P-P1.00_HDGC_HDGC1002WV-S-3P,100.124183,-48.775,180.0,top
U2,MOTOR1,CONN-SMD_2P-P1.00_MEGASTAR_ZX-SH1.0-2PLT,74.145,-89.982,180.0,top
U20,POT5,CONN-SMD_3P-P1.00_HDGC_HDGC1002WV-S-3P,93.894388,-48.775,180.0,top
U21,POT6,CONN-SMD_3P-P1.00_HDGC_HDGC1002WV-S-3P,87.664592,-48.775,180.0,top
U22,SWD,CONN-SMD_3P-P1.00_HDGC_HDGC1002WV-S-3P,71.22,-67.185,-90.0,top
U23,POT7,CONN-SMD_3P-P1.00_HDGC_HDGC1002WV-S-3P,81.434796,-48.775,180.0,top
U24,POT8,CONN-SMD_3P-P1.00_HDGC_HDGC1002WV-S-3P,75.205,-48.775,180.0,top
U3,CH32V203C8T6,LQFP-48_L7.0-W7.0-P0.50-LS9.0-BL,92.69,-64.55,90.0,top
U4,ME6210A33M3G,SOT-23,113.97947,-56.905,180.0,top
U5,MOTOR2,CONN-SMD_2P-P1.00_MEGASTAR_ZX-SH1.0-2PLT,79.045,-89.982,180.0,top
U6,MOTOR3,CONN-SMD_2P-P1.00_MEGASTAR_ZX-SH1.0-2PLT,84.185,-89.93,180.0,top
U7,MOTOR4,CONN-SMD_2P-P1.00_MEGASTAR_ZX-SH1.0-2PLT,89.285,-89.93,180.0,top
U8,DRV8833PWP,HTSSOP-16-1EP_4.4x5mm_P0.65mm_EP3.4x5mm_Mask2.46x2.31mm_ThermalVias,87.1,-81.33,0.0,top
U9,MOTOR5,CONN-SMD_2P-P1.00_MEGASTAR_ZX-SH1.0-2PLT,94.465318,-89.93,180.0,top
Y1,8M,Crystal_SMD_3225-4Pin_3.2x2.5mm,95.91,-56.52,0.0,top
